collection_id,source_type,source_name,source_url,license,license_url,creator,original_id,animal_common_name,animal_scientific_name,primary_camouflage,secondary_camouflage,environment,environment_detail,geographic_region,water_or_land,occlusion,object_scale,contrast_level,silhouette_quality,multiple_animals,hardness_level,collection_status,split,group_id,notes
CAND-001,open_repository,Wikimedia Commons,https://commons.wikimedia.org/wiki/File:Giant_Leaf_Insect_(Phyllium_giganteum)_(8757147425).jpg,CC BY-SA 2.0,https://creativecommons.org/licenses/by-sa/2.0/,Bernard DUPONT,File:Giant_Leaf_Insect_(Phyllium_giganteum)_(8757147425).jpg,giant leaf insect,Pulchriphyllium giganteum,foliage,texture;broken silhouette,jungle,Cameron Highlands foliage,Malaysia,land,none,UNKNOWN,low,broken,no,HARD,CANDIDATE,UNASSIGNED,GRP-LEAF-001,Leaf mimicry; Flickr-reviewed CC BY-SA 2.0; manual mask required
CAND-002,open_repository,Wikimedia Commons,"https://commons.wikimedia.org/wiki/File:Phylliidae,_Leaf_insect_.jpg",CC BY-SA 3.0,https://creativecommons.org/licenses/by-sa/3.0/,Renjusplace,"File:Phylliidae,_Leaf_insect_.jpg",leaf insect,UNKNOWN,foliage,texture,forest,Mundakkayam foliage,India,land,UNKNOWN,UNKNOWN,low,broken,no,HARD,CANDIDATE,UNASSIGNED,none,Unidentified Phylliidae; manual mask required
CAND-003,open_repository,Wikimedia Commons,https://commons.wikimedia.org/wiki/File:Butterfly_Camouflage.jpg,CC BY-SA 4.0,https://creativecommons.org/licenses/by-sa/4.0/,GabrielleMerk,File:Butterfly_Camouflage.jpg,silver-washed fritillary (valesina form),Argynnis paphia,foliage,low-contrast;texture,forest,Ticino forests Muggio Valley,Switzerland,land,UNKNOWN,UNKNOWN,low,UNKNOWN,no,HARD,CANDIDATE,UNASSIGNED,none,Documented camouflage butterfly; manual mask required
CAND-004,open_repository,Wikimedia Commons,https://commons.wikimedia.org/wiki/File:1_camouflaged_frog.jpg,CC BY-SA 4.0,https://creativecommons.org/licenses/by-sa/4.0/,Lambtron,File:1_camouflaged_frog.jpg,frog,UNKNOWN,foliage,low-contrast;texture,pond,pond bank green vegetation,UNKNOWN,land,none,UNKNOWN,low,UNKNOWN,no,HARD,CANDIDATE,UNASSIGNED,none,Unidentified Anura; green-on-green; dual GFDL/CC-BY-SA; manual mask required
CAND-005,open_repository,Wikimedia Commons,https://commons.wikimedia.org/wiki/File:Camouflage_of_an_iguana_at_the_Parque_Nacional_do_Pantanal_Matogrossense.jpg,CC BY-SA 4.0,https://creativecommons.org/licenses/by-sa/4.0/,Giovanna Colombi,File:Camouflage_of_an_iguana_at_the_Parque_Nacional_do_Pantanal_Matogrossense.jpg,green iguana,Iguana iguana,foliage,branch;partial occlusion,wetland,iguana among tree branches Pantanal,Brazil,land,partial,UNKNOWN,low,disrupted,no,HARD,CANDIDATE,UNASSIGNED,none,Branch/foliage blend; Wiki Loves Earth; manual mask required
CAND-006,open_repository,Wikimedia Commons,https://commons.wikimedia.org/wiki/File:Fowlers_Toad_-_side_view.jpg,Public Domain (USGS/NBII),https://www.usgs.gov/information-policies-and-instructions/copyrights-and-credits,John J. Mosesso / NBII,NBII-72967 / File:Fowlers_Toad_-_side_view.jpg,Fowler's toad,Anaxyrus fowleri,foliage,texture;low-contrast,woodland,decaying leaf litter,USA,land,none,UNKNOWN,low,UNKNOWN,no,MODERATE,CANDIDATE,UNASSIGNED,none,US federal PD via NBII; leaf-litter crypsis; manual mask required
CAND-007,open_repository,Wikimedia Commons,https://commons.wikimedia.org/wiki/File:Mossy_leaf-tailed_gecko_(Uroplatus_sikorae)_Montagne_d%E2%80%99Ambre_3.jpg,CC BY-SA 4.0,https://creativecommons.org/licenses/by-sa/4.0/,Charles J. Sharp,File:Mossy_leaf-tailed_gecko_(Uroplatus_sikorae)_Montagne_dAmbre_3.jpg,mossy leaf-tailed gecko,Uroplatus sikorae,bark,texture;broken silhouette;foliage,forest,Montagne d Ambre mossy bark/dermal flaps,Madagascar,land,none,UNKNOWN,low,broken,no,EXTREME,CANDIDATE,UNASSIGNED,GRP-GECKO-URO-001,Featured/Quality image; series with Ambre_2; manual mask required
CAND-008,open_repository,Wikimedia Commons,https://commons.wikimedia.org/wiki/File:Mossy_leaf-tailed_gecko_(Uroplatus_sikorae)_Montagne_d%E2%80%99Ambre_2.jpg,CC BY-SA 4.0,https://creativecommons.org/licenses/by-sa/4.0/,Charles J. Sharp,File:Mossy_leaf-tailed_gecko_(Uroplatus_sikorae)_Montagne_dAmbre_2.jpg,mossy leaf-tailed gecko,Uroplatus sikorae,bark,texture;broken silhouette,forest,Montagne d Ambre series alternate angle,Madagascar,land,none,UNKNOWN,low,broken,no,EXTREME,CANDIDATE,UNASSIGNED,GRP-GECKO-URO-001,Same session as CAND-007; keep same split later; re-verify license on page; manual mask required
CAND-009,open_repository,Wikimedia Commons,https://commons.wikimedia.org/wiki/File:Camouflage_of_stick_insect.jpg,CC BY 4.0,https://creativecommons.org/licenses/by/4.0/,Valemereu,File:Camouflage_of_stick_insect.jpg,stick insect / cryptic orthopteran,UNKNOWN,branch,texture;broken silhouette,woodland,stick-like crypsis among stems,Italy,land,UNKNOWN,UNKNOWN,low,broken,no,HARD,CANDIDATE,UNASSIGNED,none,Taxonomy may be Acridinae not Phasmatodea; manual mask required
CAND-010,open_repository,Wikimedia Commons,https://commons.wikimedia.org/wiki/File:Tawny_Frogmouth_camouflage.jpg,Copyrighted free use (verify),UNKNOWN,C. Coverdale,File:Tawny_Frogmouth_camouflage.jpg,tawny frogmouth,Podargus strigoides,bark,texture;low-contrast,woodland,bark-matching roost Sydney,Australia,land,none,UNKNOWN,low,UNKNOWN,no,HARD,CANDIDATE,UNASSIGNED,none,MANUAL_LICENSE_REVIEW: Copyrighted free use tag; incomplete machine-readable source; do not acquire until cleared
CAND-011,open_repository,Wikimedia Commons,https://commons.wikimedia.org/wiki/File:Camouflage_Lizard.jpg,CC BY-SA 4.0,https://creativecommons.org/licenses/by-sa/4.0/,Ashwin06k,File:Camouflage_Lizard.jpg,lizard,UNKNOWN,rock,texture;low-contrast,rocky terrain,Savanadurga rock substrate,India,land,UNKNOWN,UNKNOWN,low,UNKNOWN,no,HARD,CANDIDATE,UNASSIGNED,none,Rock crypsis; species UNKNOWN; manual mask required
CAND-012,open_repository,Wikimedia Commons,https://commons.wikimedia.org/wiki/File:Stonefish_chilling_in_the_sun_in_Egypt.jpg,CC BY-SA 4.0,https://creativecommons.org/licenses/by-sa/4.0/,SEJanssen,File:Stonefish_chilling_in_the_sun_in_Egypt.jpg,stonefish,Synanceia horrida,rock,underwater;texture,coral reef,sea floor coral reef northern Egypt,Egypt,water,none,UNKNOWN,low,disrupted,no,HARD,CANDIDATE,UNASSIGNED,none,Benthic rock mimic; manual mask required
CAND-013,open_repository,Wikimedia Commons,https://commons.wikimedia.org/wiki/File:Reef_Stonefish_-_Synanceia_verrucosa.jpg,CC BY-SA 2.0,https://creativecommons.org/licenses/by-sa/2.0/,Francois Libert,File:Reef_Stonefish_-_Synanceia_verrucosa.jpg,reef stonefish,Synanceia verrucosa,rock,underwater;texture;cluttered background,coral reef,Marsa Alam reef substrate,Egypt,water,UNKNOWN,UNKNOWN,low,disrupted,no,HARD,CANDIDATE,UNASSIGNED,none,Flickr-sourced CC BY-SA 2.0; manual mask required
CAND-014,open_repository,Wikimedia Commons,https://commons.wikimedia.org/wiki/File:Reef_Stonefish.jpg,CC BY-SA 2.0,https://creativecommons.org/licenses/by-sa/2.0/,Richard Ling,File:Reef_Stonefish.jpg,reef stonefish,Synanceia verrucosa,rock,underwater;texture,coral reef,Steves Bommie Ribbon Reefs GBR,Australia,water,none,UNKNOWN,low,UNKNOWN,no,MODERATE,CANDIDATE,UNASSIGNED,none,Profile view; review hardness before acquire; manual mask required
CAND-015,open_repository,Wikimedia Commons,https://commons.wikimedia.org/wiki/File:Peacock_Flounder_Bothus_mancus_in_Kona.jpg,CC BY 2.5,https://creativecommons.org/licenses/by/2.5/,Mbz1,File:Peacock_Flounder_Bothus_mancus_in_Kona.jpg,peacock flounder,Bothus mancus,sand/mud,underwater;low-contrast;texture,ocean,Kona sand substrate; buried frame noted by author,Hawaii USA,water,severe,UNKNOWN,very_low,broken,no,EXTREME,CANDIDATE,UNASSIGNED,GRP-FLOUNDER-KONA-001,Multi-frame sequence same fish; near-dup/group risk; prefer hardest buried frame; manual mask required
CAND-016,open_repository,Wikimedia Commons,https://commons.wikimedia.org/wiki/File:Sepia_latimanus_(Broadclub_cuttlefish).jpg,CC BY-SA 3.0,https://creativecommons.org/licenses/by-sa/3.0/,Nick Hobgood,File:Ascarosepion_latimanus_(Broadclub_cuttlefish).jpg,broadclub cuttlefish,Ascarosepion latimanus,sand/mud,underwater;texture;low-contrast,ocean,sandy seabed color match,East Timor,water,none,UNKNOWN,low,UNKNOWN,no,HARD,CANDIDATE,UNASSIGNED,none,Caption documents sand-matching coloration; manual mask required
CAND-017,open_repository,Wikimedia Commons,https://commons.wikimedia.org/wiki/File:Squatina_squatina_camouflage.jpg,CC BY 4.0,https://creativecommons.org/licenses/by/4.0/,Ben Jobson,iNaturalist observation 216885121 / photo 383613811,angelshark,Squatina squatina,underwater,sand/mud;foliage;low-contrast,seabed,flattened among seagrass/seaweed on sand,UNKNOWN,water,partial,UNKNOWN,low,disrupted,no,HARD,CANDIDATE,UNASSIGNED,none,iNaturalist-reviewed CC BY 4.0; also on GBIF; manual mask required
CAND-018,open_repository,Wikimedia Commons,https://commons.wikimedia.org/wiki/File:Camouflage_octopus.jpg,CC BY 4.0,https://creativecommons.org/licenses/by/4.0/,alana barthel,File:Camouflage_octopus.jpg,octopus,UNKNOWN,underwater,texture;low-contrast;cluttered background,coral reef,octopus center blending into coral,UNKNOWN,water,none,UNKNOWN,low,disrupted,no,EXTREME,CANDIDATE,UNASSIGNED,none,Author states hard to point out; species UNKNOWN; manual mask required
CAND-019,open_repository,Wikimedia Commons,https://commons.wikimedia.org/wiki/File:Octopus._The_best_camouflage_in_the_world-1.jpg,CC BY-SA 4.0,https://creativecommons.org/licenses/by-sa/4.0/,Naydionkin Kirill,File:Octopus._The_best_camouflage_in_the_world-1.jpg,octopus,UNKNOWN,underwater,texture;rock,ocean,Red Sea seafloor adaptation series frame 1,Egypt,water,UNKNOWN,UNKNOWN,low,UNKNOWN,no,HARD,CANDIDATE,UNASSIGNED,GRP-OCTO-REDSEA-001,Part of multi-frame series; keep group for split; manual mask required
CAND-020,open_repository,Wikimedia Commons,https://commons.wikimedia.org/wiki/File:Graceful_decorator_crab_(Oregonia_gracilis)_with_sponge.jpg,CC BY 2.0,https://creativecommons.org/licenses/by/2.0/,Ed Bierman,File:Graceful_decorator_crab_(Oregonia_gracilis)_with_sponge.jpg,graceful decorator crab,Oregonia gracilis,underwater,texture;cluttered background;broken silhouette,ocean,decorated with sponge Monterey area,USA California,water,partial,UNKNOWN,low,broken,no,HARD,CANDIDATE,UNASSIGNED,none,Decorator camouflage; manual mask required
CAND-021,open_repository,Wikimedia Commons,https://commons.wikimedia.org/wiki/File:Hippolyte_varians_hippolyte_variable_Wimmereux_16_juillet_2016_F_Lamiot_a_01.jpg,CC BY-SA 4.0,https://creativecommons.org/licenses/by-sa/4.0/,F. Lamiot,File:Hippolyte_varians_hippolyte_variable_Wimmereux_16_juillet_2016_F_Lamiot_a_01.jpg,chameleon prawn,Hippolyte varians,underwater,foliage;texture;low-contrast,ocean,Wimmereux coastal algae association,France,water,UNKNOWN,SMALL,low,UNKNOWN,no,HARD,CANDIDATE,UNASSIGNED,GRP-HIPPOLYTE-WIM-001,Series frame a_01; re-verify license on page; companion a_02 same group; manual mask required
CAND-022,open_repository,Wikimedia Commons,https://commons.wikimedia.org/wiki/File:Hippolyte_varians_hippolyte_variable_Wimmereux_16_juillet_2016_F_Lamiot_a_02.jpg,CC BY-SA 4.0,https://creativecommons.org/licenses/by-sa/4.0/,F. Lamiot,File:Hippolyte_varians_hippolyte_variable_Wimmereux_16_juillet_2016_F_Lamiot_a_02.jpg,chameleon prawn,Hippolyte varians,underwater,foliage;texture,ocean,Wimmereux series alternate frame,France,water,UNKNOWN,SMALL,low,UNKNOWN,no,HARD,CANDIDATE,UNASSIGNED,GRP-HIPPOLYTE-WIM-001,Near-dup of CAND-021; verify license tag before acquire; manual mask required
CAND-023,open_repository,Wikimedia Commons,https://commons.wikimedia.org/wiki/File:Brauen_Glattstirnkaiman_Paleosuchus_palpebrosus.jpg,UNKNOWN,UNKNOWN,UNKNOWN,File:Brauen_Glattstirnkaiman_Paleosuchus_palpebrosus.jpg,Cuvier's dwarf caiman,Paleosuchus palpebrosus,shadow/low-light,low-contrast;texture,river,caiman crypsis category listing,UNKNOWN,UNKNOWN,UNKNOWN,UNKNOWN,UNKNOWN,UNKNOWN,no,UNKNOWN,CANDIDATE,UNASSIGNED,none,MANUAL_LICENSE_REVIEW: listed in Animal camouflage category; creator/license not verified this pass
CAND-024,open_repository,Wikimedia Commons,https://commons.wikimedia.org/wiki/File:Crocodile_in_Kachikali_kevinzim.jpg,UNKNOWN,UNKNOWN,kevinzim,File:Crocodile_in_Kachikali_kevinzim.jpg,crocodile,UNKNOWN,shadow/low-light,sand/mud;partial occlusion;low-contrast,wetland,Kachikali water margin,UNKNOWN,water,UNKNOWN,UNKNOWN,UNKNOWN,UNKNOWN,UNKNOWN,HARD,CANDIDATE,UNASSIGNED,none,MANUAL_LICENSE_REVIEW: verify Commons license before acquire
CAND-025,open_repository,Wikimedia Commons,https://commons.wikimedia.org/wiki/File:Crocodylus_acutus_black_and_white_2.jpg,UNKNOWN,UNKNOWN,UNKNOWN,File:Crocodylus_acutus_black_and_white_2.jpg,American crocodile,Crocodylus acutus,shadow/low-light,low-contrast;texture,mangrove,B&W may reduce usefulness for color COD; review visually,UNKNOWN,UNKNOWN,UNKNOWN,UNKNOWN,UNKNOWN,UNKNOWN,no,MODERATE,CANDIDATE,UNASSIGNED,none,MANUAL_LICENSE_REVIEW + visual review for B&W domain fit
CAND-026,open_repository,Wikimedia Commons,https://commons.wikimedia.org/wiki/Category:Crypsis_in_mammals,UNKNOWN,UNKNOWN,UNKNOWN,CATEGORY:Crypsis_in_mammals,UNKNOWN,UNKNOWN,shadow/low-light,texture,other,category portal for mammal crypsis discovery,UNKNOWN,land,UNKNOWN,UNKNOWN,UNKNOWN,UNKNOWN,UNKNOWN,UNKNOWN,CANDIDATE,UNASSIGNED,GRP-SRC-CAT-MAMMAL,SOURCE PORTAL not single image; pick 1-2 CC mammal crypsis files later; MANUAL_LICENSE_REVIEW per file
CAND-027,open_repository,Wikimedia Commons,https://commons.wikimedia.org/wiki/File:Camouflage_DSC05383_-_Original_image.JPG,CC BY-SA 3.0,https://creativecommons.org/licenses/by-sa/3.0/,Lior Golgher,File:Camouflage_DSC05383_-_Original_image.JPG,frog,UNKNOWN,low-contrast,tiny/distant;foliage;cluttered background,jungle,Lower Rio Branco-Rio Jauaperi Reserve; frog ~ stick tip size,Brazil,land,none,TINY,very_low,broken,no,EXTREME,CANDIDATE,UNASSIGNED,GRP-FROG-XIXUAU-001,Annotated companion Camouflage_DSC05383.JPG exists; prefer unmarked original; manual mask required
CAND-028,open_repository,Wikimedia Commons,https://commons.wikimedia.org/wiki/File:Camouflaged_chiton.jpg,UNKNOWN,UNKNOWN,UNKNOWN,File:Camouflaged_chiton.jpg,chiton,UNKNOWN,texture,rock;underwater;low-contrast,rocky terrain,rock-matching chiton crypsis,UNKNOWN,water,UNKNOWN,UNKNOWN,low,UNKNOWN,no,HARD,CANDIDATE,UNASSIGNED,none,MANUAL_LICENSE_REVIEW: confirm Commons license/creator before acquire
CAND-029,open_repository,Wikimedia Commons,https://commons.wikimedia.org/wiki/File:Camouflaging_Moth_on_a_Wall.jpg,UNKNOWN,UNKNOWN,UNKNOWN,File:Camouflaging_Moth_on_a_Wall.jpg,moth,UNKNOWN,texture,low-contrast,urban-edge/natural interface,moth on wall texture match,UNKNOWN,land,none,UNKNOWN,low,UNKNOWN,no,HARD,CANDIDATE,UNASSIGNED,none,MANUAL_LICENSE_REVIEW; urban substrate may be out-of-domain—review relevance
CAND-030,open_repository,Wikimedia Commons,https://commons.wikimedia.org/wiki/File:Allied_cowry_Nick_Hobgood.jpg,UNKNOWN,UNKNOWN,Nick Hobgood,File:Allied_cowry_Nick_Hobgood.jpg,allied cowry,UNKNOWN,texture,underwater;rock,coral reef,cowry crypsis on reef substrate,UNKNOWN,water,UNKNOWN,SMALL,low,UNKNOWN,no,HARD,CANDIDATE,UNASSIGNED,none,MANUAL_LICENSE_REVIEW: Nick Hobgood often CC BY-SA 3.0 but not verified this pass
CAND-031,open_repository,Wikimedia Commons,https://commons.wikimedia.org/wiki/Category:Crypsis_in_arachnids,UNKNOWN,UNKNOWN,UNKNOWN,CATEGORY:Crypsis_in_arachnids,UNKNOWN,UNKNOWN,texture,foliage;bark,forest,portal for crab-spider / bark spider crypsis,UNKNOWN,land,UNKNOWN,TINY,UNKNOWN,UNKNOWN,UNKNOWN,UNKNOWN,CANDIDATE,UNASSIGNED,GRP-SRC-CAT-ARACHNID,SOURCE PORTAL; select 1-2 CC arachnid crypsis images later; MANUAL_LICENSE_REVIEW per file
CAND-032,open_repository,Wikimedia Commons,https://commons.wikimedia.org/wiki/File:Camouflage_DSC05383.JPG,CC BY-SA 3.0,https://creativecommons.org/licenses/by-sa/3.0/,Lior Golgher,File:Camouflage_DSC05383.JPG,frog,UNKNOWN,tiny/distant,partial occlusion;low-contrast;cluttered background,jungle,annotated highlight version of CAND-027,Brazil,land,none,TINY,very_low,broken,no,EXTREME,CANDIDATE,UNASSIGNED,GRP-FROG-XIXUAU-001,Annotated/highlight derivative; prefer unmarked CAND-027 for training; annotator aid only
CAND-033,open_repository,Wikimedia Commons,https://commons.wikimedia.org/wiki/Category:Crypsis_in_birds,UNKNOWN,UNKNOWN,UNKNOWN,CATEGORY:Crypsis_in_birds,UNKNOWN,UNKNOWN,broken silhouette,bark;foliage,forest,portal for additional bird crypsis beyond frogmouth,UNKNOWN,land,UNKNOWN,UNKNOWN,UNKNOWN,UNKNOWN,UNKNOWN,UNKNOWN,CANDIDATE,UNASSIGNED,GRP-SRC-CAT-BIRD,SOURCE PORTAL; pick CC bird crypsis with clear license; avoid soft portraits
CAND-034,open_repository,Wikimedia Commons,https://commons.wikimedia.org/wiki/Category:Animals_mimicking_debris_or_dung,UNKNOWN,UNKNOWN,UNKNOWN,CATEGORY:Animals_mimicking_debris_or_dung,UNKNOWN,UNKNOWN,broken silhouette,texture;cluttered background,other,debris/dung mimicry subcategory,UNKNOWN,land,UNKNOWN,UNKNOWN,UNKNOWN,broken,UNKNOWN,HARD,CANDIDATE,UNASSIGNED,GRP-SRC-CAT-DEBRIS,SOURCE PORTAL for broken-silhouette mimics; MANUAL_LICENSE_REVIEW per file
CAND-035,research_repo,NOAA Ocean Exploration / OMAO licensing policy,https://www.omao.noaa.gov/image-licensing-usage-info,NOAA generally not copyrighted (US gov work; verify per image),https://www.omao.noaa.gov/image-licensing-usage-info,NOAA (per-image credit required),NOAA-OMAO-POLICY-PORTAL,UNKNOWN,UNKNOWN,partial occlusion,underwater;low-contrast,ocean,policy portal for selecting deep-sea/benthic stills with animals,UNKNOWN,water,UNKNOWN,UNKNOWN,UNKNOWN,UNKNOWN,UNKNOWN,UNKNOWN,CANDIDATE,UNASSIGNED,GRP-SRC-NOAA-POLICY,SOURCE POLICY PORTAL; exclude pages marked copyright/third-party; pick hard underwater animal stills later
CAND-036,open_repository,Wikimedia Commons,https://commons.wikimedia.org/wiki/File:Thick_Forest.jpg,CC BY-SA 4.0,https://creativecommons.org/licenses/by-sa/4.0/,Vu2sga,File:Thick_Forest.jpg,none,none,cluttered background,foliage,forest,dense Pachmarhi Biosphere Reserve; vegetation-only hard-negative,India,land,n/a,n/a,n/a,n/a,no,HARD,CANDIDATE,UNASSIGNED,GRP-HN-VEG-001,HARD_NEGATIVE: vegetation-only / empty forest; all-zero mask required
CAND-037,open_repository,Wikimedia Commons,https://commons.wikimedia.org/wiki/File:Jungle_beauty.jpg,CC BY-SA 4.0,https://creativecommons.org/licenses/by-sa/4.0/,RaktimKantiBhowmick,File:Jungle_beauty.jpg,none,none,cluttered background,foliage,jungle,deep jungle AJC Bose Botanic Garden; empty jungle hard-negative,India,land,n/a,n/a,n/a,n/a,no,HARD,CANDIDATE,UNASSIGNED,GRP-HN-VEG-002,HARD_NEGATIVE: empty jungle; all-zero mask; verify no animals on visual review
CAND-038,open_repository,Wikimedia Commons / NOAA,https://commons.wikimedia.org/wiki/File:Mangroves.jpg,Public Domain (NOAA),https://www.omao.noaa.gov/image-licensing-usage-info,NOAA,File:Mangroves.jpg,none,none,cluttered background,underwater;branch,mangrove,submerged tangled mangrove root system,UNKNOWN,water,n/a,n/a,n/a,n/a,no,HARD,CANDIDATE,UNASSIGNED,GRP-HN-MANGROVE-001,HARD_NEGATIVE: underwater vegetation / root clutter; all-zero mask
CAND-039,open_repository,Wikimedia Commons,https://commons.wikimedia.org/wiki/File:Detail_of_mangrove_roots.jpg,CC BY-SA 3.0,https://creativecommons.org/licenses/by-sa/3.0/,UNKNOWN,File:Detail_of_mangrove_roots.jpg,none,none,cluttered background,branch;texture,mangrove,Rhizophora mangle root detail Prado Bahia,Brazil,land,n/a,n/a,n/a,n/a,no,HARD,CANDIDATE,UNASSIGNED,GRP-HN-MANGROVE-002,HARD_NEGATIVE: tangled roots; MANUAL_LICENSE_REVIEW creator attribution; all-zero mask
CAND-040,open_repository,Wikimedia Commons,https://commons.wikimedia.org/wiki/File:Gfp-florida-biscayne-national-park-mangroves.jpg,Public Domain (CC Public Domain Dedication),https://creativecommons.org/publicdomain/mark/1.0/,Yinan Chen,File:Gfp-florida-biscayne-national-park-mangroves.jpg,none,none,cluttered background,foliage,mangrove,Biscayne NP mangroves and roots,USA Florida,land,n/a,n/a,n/a,n/a,no,MODERATE,CANDIDATE,UNASSIGNED,GRP-HN-MANGROVE-003,HARD_NEGATIVE: mangroves; verify no wildlife in frame; all-zero mask
CAND-041,research_repo,USGS,https://www.usgs.gov/media/images/elwha-river-rocks,Public Domain (USGS),https://www.usgs.gov/information-policies-and-instructions/copyrights-and-credits,USGS Pacific Coastal and Marine Science Center,usgs-media-elwha-river-rocks,none,none,cluttered background,rock;underwater,river,Elwha River delta seafloor rocks ~30m; laser scale dots present,USA Washington,water,n/a,n/a,n/a,n/a,no,HARD,CANDIDATE,UNASSIGNED,GRP-HN-USGS-ELWHA,HARD_NEGATIVE: rocks-only underwater; video still; laser dots as distractors; all-zero mask
CAND-042,research_repo,USGS,https://cmgds.marine.usgs.gov/data/field-activity-data/2015-062-FA/data/imagery/2015-062-FA_SeabedImages_meta.html,Public Domain (USGS),https://www.usgs.gov/information-policies-and-instructions/copyrights-and-credits,Page C. Valentine / USGS,2015-062-FA seabed stills collection,none,none,cluttered background,sand/mud;underwater,seabed,Stellwagen Bank SEABOSS seabed stills; select animal-free frames,USA Massachusetts,water,n/a,n/a,n/a,n/a,no,HARD,CANDIDATE,UNASSIGNED,GRP-HN-USGS-STELLWAGEN,HARD_NEGATIVE SOURCE SET: pick 2-3 animal-free JPEGs; sequence grouping; all-zero masks
CAND-043,research_repo,USGS,https://cmgds.marine.usgs.gov/catalog/pcmsc/DataReleases/CMGDS_DR_tool/DR_P13ZPWNS/KonaHawaiiClassifiedUnderwaterImages_metadata.html,Public Domain (USGS),https://www.usgs.gov/information-policies-and-instructions/copyrights-and-credits,USGS,KonaHawaiiClassifiedUnderwaterImages,none,none,cluttered background,underwater;rock,coral reef,Kona coast substrate/coral habitat; select empty underwater frames,Hawaii USA,water,n/a,n/a,n/a,n/a,no,HARD,CANDIDATE,UNASSIGNED,GRP-HN-USGS-KONA,HARD_NEGATIVE SOURCE SET: empty underwater / coral clutter; avoid fish frames; all-zero masks
CAND-044,research_repo,NOAA / Hugging Face (MOUSS metadata),https://huggingface.co/datasets/akridge/MOUSS_fish_imagery_dataset_grayscale_small,Public Domain (NOAA Open Data) — verify card,https://huggingface.co/datasets/akridge/MOUSS_fish_imagery_dataset_grayscale_small,NOAA PIFSC / MOUSS,MOUSS_fish_imagery_dataset_grayscale_small,none,none,cluttered background,underwater;low-contrast,ocean,grayscale MOUSS underwater; use ONLY confirmed empty frames as hard negatives,Pacific (PIFSC),water,n/a,n/a,n/a,n/a,no,HARD,CANDIDATE,UNASSIGNED,GRP-HN-MOUSS,HARD_NEGATIVE CANDIDATE SET (grayscale): do NOT use fish-positive frames as negatives; grayscale domain-shift note; MANUAL review
